6667555929,2020/06/02,yamada
4851448459,2021/05/13,yoshida
6552139749,2020/09/13,takahashi
3662633042,2020/03/15,tanaka
5666510376,2021/05/30,sato
7575855285,2020/02/02,koike
8656500619,2020/05/01,yamada
3420105135,2020/04/12,tanaka
5201271281,2021/02/25,yamada
2681792643,2020/02/25,tanaka
3667143372,2020/04/26,tanaka
9934072013,2020/08/01,yamada
8844609216,2020/12/11,tanaka
8253885376,2021/03/13,tanaka
8646831167,2020/10/15,yamada
4260501485,2021/09/17,sato
5938138609,2021/04/31,yamada
3812811642,2021/09/02,sato
8567402676,2021/08/01,sato
7063548572,2021/07/15,koike
8365067128,2021/06/23,koike
9992733301,2021/01/21,koike
3550200677,2021/07/30,koike
2493514798,2020/07/02,sato
1740648732,2021/08/05,koike
7869736318,2020/04/10,koike
4572426669,2020/06/20,koike
9117020767,2021/09/24,takahashi
5591006743,2020/05/21,takahashi
8190655682,2020/04/11,takahashi
